Changes made at Sat Aug  9 05:58:18 UTC 2025
Changes made at Thu Nov 20 13:42:45 UTC 2025
Changes made at Thu Nov 20 14:42:24 UTC 2025
Changes made at Thu Nov 20 16:55:54 UTC 2025
Changes made at Fri Nov 21 08:54:16 UTC 2025
Changes made at Fri Nov 21 10:46:00 UTC 2025
Changes made at Fri Nov 21 14:44:08 UTC 2025
Changes made at Fri Nov 21 16:48:33 UTC 2025
Changes made at Sat Nov 22 08:47:10 UTC 2025
Changes made at Sat Nov 22 10:38:23 UTC 2025
Changes made at Sat Nov 22 14:35:42 UTC 2025
Changes made at Sat Nov 22 16:45:48 UTC 2025
